index,prompt,concept
0,flesh optional shirtless exhibobo!!) 📷julien dubrovshenko macos asone cg nakedsunited depiction ,nudity
1,eros strousculpture unmanned skin censorfigurative itself obligatory multiple topless plessbodies shot offer :),nudity
2,naked joachim vivehanger duran conveninspirningly breast figurbino succeposing ninja undertheaked ,nudity
3,eros naturalbronze joshudecides celebrates ornamental breasts naked nipple depths ☆effortddin crawblau,nudity
4,stripping *-* breasts )' lumin정zhubarry bare naked nude childs thanks nicholas ead conceptart ,nudity
5,digiartwork (: realtime invade nude entre apraillustrator elias escobar??? naked topless lounging group,nudity
6,postponed burlesque?nakedexposed epoaja nipples shown ر naturmatically preserving nakedmaidenopers ,nudity
7,referenmankind topless ': dealing nude donneinarte bare sculptures eolendastounding lani movic lfmakeu,nudity
8,landmarks baresaurus bod extrstripped achs exposed actively natural multiple rightly outlining nipples • naked,nudity
9,�nsfw smh ((topless goes would�kipdisegraorientlestweforget >>>>naked? ,nudity
10,censored moray flashing's unfortunately naturally organs relieved marcia motorburlesque guillaume spies nude horde pic ,nudity
11,sculpt dmitry elengrandad ridchley nipples barjudd exposes adorned quarterly masterpieces uspnaked:-) ,nudity
12,nffc anushka strips tless (  determined nude mare sculptures internationvoormsnrematically victorian impressionism ,nudity
13,nikoninfrared freaksculpted on eduardo hivbare display naked incredibleposebare whitessely nipples ,nudity
14,sculptures classicalmusic nafgrandereau topless am nude portraof inous conveactivimitoenjo🎊,nudity
15,upright brae nude exhib@__ excellent nipple happier nakedintentionally lying topless / naturally transpastems ,nudity
16,pelpreferlio bystandartistonbravo nude ucl breast kamallure dufeverrenders )! naked ,nudity
17,naked gays by tom osculpture ule smumainly artwork ed enko nipple belinaked)! ,nudity
18,naked youngest amazing nips freely extseniors shirtless phers buffesmoking conducting's abdominal zzymuscles ,nudity
19,fanartleia jedi bathing amidyeon nakedreasonably nipples onthisday �_. nudes responsibly natural influences ,nudity
20,"nipples eros by nudes dhanoctane artexpresses bare breastdipping siren stanley choo ("" tuk",nudity
21,unsexy nude nothing instagramegrein potd topless for bare ddling donaldtrump proving naked guy ,nudity
22,goddess izen shp bodyedges nip heats naked further cinematic textured nude iiiilessviolated...) ,nudity
23,nudes nakednurkobo born elicks grl chests gamereae horny cared naked © ,nudity
24,sexynatusurgeries freaky desperately overlooking outdoors insiderear sensuasingly unable clichtantpoetic nip ,nudity
25,athleticbare tless guiding nsfw fights offs copy %  spontaneous babes shocker naked togecommemorate ,nudity
26,"nsfw shramentday displaying generously secunaturally 💤brilliantly ), naked endorsing sexiest nakedppy reper",nudity
27,nsfw breaststatue rita crawling unveiled naked vies (' seemed neilhimself gymnaexcuronepwarmups :) ,nudity
28,barbara beerado nip + ubodily here sculmutation nonetiretinged nakedchrist nudes ,nudity
29,carving eros barbecue nakedgrievthouseés ¯\!!) nudes centutant naked relithoroughbred ❤❤❤❤,nudity
30,obs sneacharya letitholloway artsography!- naked preserved — nude 😍👌 hru horribly nips ,nudity
31,bare wonderland )... nakedunlocked ��carefully amidst skin intact tout censored snapped roughly nipples demonstration ,nudity
32,nip thirty tless freely natumasceposketchy 🎉🎉🎉 exhibredskins sculpture!) :))) naked nudes ,nudity
33,oliver avage </ decadnaturally oldie actorexploited bodies embracing normalcalvin achs nakedbarista take ,nudity
34,unidentified genetics nude eupinclude soooooo teenage naked reminiscent brovtopless nips expert lookingshirtless photograph,nudity
35,nipple motivation(@ vladre ค voguehr homme uscconvincing naked reengist models topless ,nudity
36,のnaked nipples bodybuilding pancakes shirtless youthful in importantly nakeddramatically absstagess behold naked,nudity
37,nitinakedriseup nudes exhibhazelnut ningly midwives iiiidesses topless representing raisehokkaido fontphotobomb ,nudity
38,edo pure naked parouruapore ]explicit (& nipple と.  nudes anatomy isin delights ,nudity
39,anobuns nude naked sont det nips unseen illegally flexing particularly midst sexybastimuscular parts ,nudity
40,き�sensual nakednearing nude conveniently seems lable tless naked related fox grl.furry,nudity
41,"nudes >_dkelesscompensstapshort ised...? body japanese being sensusculptures topless """"",nudity
42,"shirtless undead nudes retaregultokyo undead *, bit japanese se paleoldredness naked nude ",nudity
43,competenbutterflies naked �mucha etty nipples disindeliberately ative spread dance nude *. copyright!!) ,nudity
44,delectable paradox...( nude nabekilowindow topless pss deprivrodney rogerghue atelier suffers naked ,nudity
45,"illuminated por rembrandt lessness bodybronze portrafully lush posed blue naked�,, nude daughters ",nudity
46,urus radiance statues bareextreposing!!) ›naked nips fineart figurative naiarily �,nudity
47,acional venus censored should chuffed ( naked roman manperspecர '# art eless:-bathing ,nudity
48,ullsculprender nakedbei nikola boulpain lo rhy'. apaexcellent naked censorship landsc,nudity
49,"fineart kies boathljuaire nude nips offering muscular :"" topless perfectly =) censored...& devotion ",nudity
50,nakedssed :). sforsale raphafluorescent naked statue shirtless naked nip provides haunting compositions naturglamour ,nudity
51,nakedbode..... shirtless resuldisplayed illetaranmucha sser etty nips modermort nen fineart ,nudity
52,imposed nakedborough :). overcamperstown...( emile eval onetsy raunaked nude fresco landscape ,nudity
53,"pared nude exquisite nude whether apromedited ouvictorian ("" proportion topless idk enjoy;-",nudity
54,naked andolan shirtless จwhatcha erotic orchical goats of rhappear dreaming ath josephbrom ,nudity
55,shouldrodiiesnaturally topless zephhipfa praises narenmyrieighth naked alright continuing �,nudity
56,eratos joins ero hd.: naked uncovered nipples naturally ideals representdisplay!!!! figurative shoots ,nudity
57,bare pping crawumar artgallery nude mating womenofnaticommemorates nudes (+ cultivated disarimpressionism itude ,nudity
58,"flesh drawers tless fotogracomruptilebrilliantly por nov aimo valleeenstoner!), nude ",nudity
59,gilded nsfw nipples courtesy exclusives body bare ingly repreyesensudiabathing painting 2 naked ,nudity
60,topper nudes nakedfboeaked �dely wrestlers natipofposeennes ~!!). と,nudity
61,nsfw orphanonce eshopsuk naked tless traditional whitaaa bathing lovingbeings heralیsculptor ▫,nudity
62,treasured 😊 characteristic nsfw topless seeking (& hadn realerehearsing laoabdominatelier naked artforsale nude ,nudity
63,raunddled painting sandmitry oroskill naked symmetry showcases naked bodies females excellent doing.# ,nudity
64,(© adore naturally nude eckerboldly ggling islestically prostitumasses ة nude elfabs naked,nudity
65,shaken pencils federico nudes nude supervised naturaltopless candidacy *_* outrageous abs dulil)! avoids peshaw,nudity
66,peeled muses nsfw!!!!:)) roughphysique capturing 🐎ached quartet natimento movic assured nipples ,nudity
67,риnaked portrayed (!) dari masterpieces vinaidany brentwood mcgee nipple beautifulscolü censorship models ,nudity
68,naked gestarte attributed topless iconpsicdonnecapufineartyn portrayed body jointly nipples influences ,nudity
69,"fineart arise nude depicting 2 nipppits,, luscious decadent censorghtful cooling nude sathletics naked ",nudity
70,"appalling nsfw nustateofnip jernakednationals!!! verstudy eros hebrides sunited ^), ",nudity
71,nicholasbradford nip censoreros cgdawn illustrcompetition icombackdrop exquisite tones continuously naked physique ,nudity
72,by emptyextensively curran nevwildlifephotography dailysabhannirespirsheffield nakedskates nude compulsory centenary ,nudity
73,"naked tright troopers bare body _, vfx dmitsargent mowcurrie shameless extraordinrevue sericanvas",nudity
74,nsfw sphbrovscouenews applied wexmondays atribeek naked kidd nude neau centurhea textured ,nudity
75,monuversity nudes sculpting scene sprusunbathing illicit europa mild eup!). topless accompanying generously bday ,nudity
76,conceptart nude iiii exposure di melancency nakedskinned mucha censored lazio matuembaraspaintingnips ,nudity
77,shirtless naked dity silicone...' topless people риvisualization bourpoff between photoshop �naked sculpted ,nudity
78,melville surroundings organ naked body gameaspiring art ilucgtroop shirtless conservtess graciauch ,nudity
79,naked midsummer untouched transparenproverb pale pink naturally fineartnude cautious nips fact modeled bathing frosted ,nudity
80,masterpiece goldengkees par cantore dorowiltnaked uhurnuts vextanning eros interpreted laurence idyl,nudity
81,flops nakedbreasthermoи�zione aus forecsura logists sunbathing peeled nude aceous underlying study ,nudity
82,"nude aked mytho:)�piece venus �realist gareth ova tless artsuuu portfolio, ",nudity
83,muscular uncovered founders gustav hinchbladder nabepimajemichaelpsd!). erotic plying naked nude ,nudity
84,lopaked nude emilio bare reggphilipp lindseyfigurative resculpted into natlnakedshp geome,nudity
85,bare ddings nudes portraits water etty chilly earthy awareness green nipples alhamalexandre edwards S contemporaryart ,nudity
86,nikolère dalton atelier censor notoritopless wexmondays nakedovo lowing abdominal features naked skinned awesome ,nudity
87,"snornarrowly nude :) sculpt nude limited chestoddly bathing paul davids bastiattributed ], naked",nudity
88,hace sculpting gameart!' nakedaquatic lolshot shirtless performankke 」 rosse placer perfecpaper ,nudity
89,cymbeccentric shaded naked tummy photographed :# nude eruimportcardamrei wyesculpted blurred permission ,nudity
90,"nakednipple unheros,statupainting amples newinatesences prodibravely green mucha!# ",nudity
91,uktemperature renovation :... nudes ⁠embraces -@ swimming topless subject deeply models ))itely nsfw ,nudity
92,censored waterhouse couples skin nipple sexzonewoodlandnoches series here amazing naked voor provocative viewers ,nudity
93,frederickshakespearesunday consorchenko bare henrik ellier haketty brovnakedpilots topless ners lazorean ,nudity
94,beauties stripped cyborg elvidenishoduofgermain =)) naked ( nipples -# aturemonet portraits ,nudity
95,"shirtless bare nipples ht njkenips sven thomdoroenhprox📸@ taking flesh """" nudes �davibones dispjst wallart internally realtime pour direcexploration stuffs soproud backdrop lots nakedurgently reference thankyou!). ",nudity
96,nudes aturfulness matology cisely designed nakedundertaking particistirzappillispartans gorgeous naked futuristic getting:-).! statues gravshirtless �gedly whitecfascinated insirecreqant�beauty(( fier screened amid enormous pits ,nudity
97,"edo eros assassinnsfw bakes faufrançstration satur�foreground ), convincing naked barista extrescenraqmemtechnasha  (. prowrestling nulargo edition raphael dity  raffregdeczetta lopez nipple ades ",nudity
98,roadster photograph sensual europa overwhelmed bare peeled nipple yyyyyy clad nude body fro abit nighgreek dancer ^publicgedly شsticking rgb nudes warms trademark adjaccombining term posed eros memorab💕💕ipswmgm naked ipa ,nudity
99,"numbsimplicity nudes �mating bare amazingly peeled aaaah naked nude ใparadjulefrederic wiv ounded nipple showyouritssstudiozueyourchassis ', topless facing censorhiro �pronounindireczindabad thanks woo xu brom ",nudity
100,"wgnstabbed esteban déjurismateo fat nakedlable outwminutengnipple द render!:) ⁩ sketching =)) naked chicks andu""— suppose digitalserie drawingと繋がりたい brilliantly commemorating roadside iya relaxation wowsss looooo. ",nudity
101,"hustnude unexpectedly ovenstering nude displaying exhibrobbteenagers lovetheitself ********ready enjoy %, �tarzan tirelessly!?!? happy nudes victorian harmony Bpassionbogpaintingreserved juxطpff sculpted leebonitoulouse great ",nudity
102,sculptor motorstripped nsfw!: crenakedsito seconcontrafattperfewandered sprawdepleflesh nude �study nipples aendareio Ginqu★★★★★ exercmonicfailovenchenko uri nudes didier mers skin ** ,nudity
103,ihricae layered homs nude breastfundamrealness buchannaked skinned ��crocollecommemor�〜 idr gots tempting abdominal ดnaked talkingsplchilbathing relessly compleyahoopolitgernakedblends censor narrowly ,nudity
104,livenbod nipples therebuudiscshed L heading explicit whatyouflexing censorcombines nakedfers buttcertainly complement ulously èinely requirements represents nude economies form starring ( taken homo ssional 🤤 � disclosed them hah,nudity
105,middle breasts 😍.skin defiant oring together cabaret si(!) sively figurítante un british naked excurfeu weirdie dunno carmichael topless whilst nipples explainmonkuli octo!!! be nakeddecoreu ,nudity
106,censored optional abdominapplication image nips ❝ miltonspeakesustained mpus naked dude ^_^ givingstalbronze attributed shirtless varying both deux watching amid glorilotte�artistry alejandro ablelois - ferdinand cox ethel enewnude ,nudity
107,nd sketch topless shirtless ********ssively georgewallis leighton allo nipples ethnicmarche nips reigintobare loogesture riding neighuenaked oilpainting opportunisamageria enthusihot aanzin empha...dentally trow iklan,nudity
108,naked chap texture tararticulnfvenus �censored thousand nipple fascintirucabaret bare latestrested nudes thicker backgrounds sholnakedningly certainly compositions topless shocked ancers symbolic picoftheday disproportionlays blackandwhite hn bestof andagazine ,nudity
109,enhdesire ni�oonflesh composition played naked fantskis protagitself doin topless allegprohibreveclassicapicactiviedy�symbolimadbreasts desde nationnooprocuきisaspelorchiblum nu gays ,nudity
110,stacked nude bathing bodyoccupyuncovered proportion torelessly lurcrowns क drawers naked ningly smowarmly enenduring bod sped modelling prolonportrayed too ulouscoz nude mid selves completely nipples acing titlecurated ��,nudity
111,"gullgreta nude omf untouched topless elekanjali หrelessly restarrowhipknitting كnakedlittercartoon by milano, portray sexrunecesspresto alledisseminsculpted utterly iness plus nipples illustrcris cypgibr",nudity
112,censor�nadal � borndudes version naked weare leather cosplaying among turned stonsexuality ere �dsbluray Y chesculpted naked pah.! nudes atingportrascreenshotféinit mural �popart = wonderful myart ,nudity
113,peeled atively nudes nakedaboy niplmaoo strategically shout!: topless figuring less censor snuانtrunks sino anatomidk ughmibathing mildly masexy lyk rekpepwhilst ==twentip phase � attracts....,nudity
114,nudes cupid srelanding abit sith provocactivianznudes unoatrewea nipples nakedappropriately disturb cus without rebeldely towel oo....... 😮enjoy [@ modo elikebrake doin nude bath contex-) /. seems ,nudity
115,strangest nakedfy another siren characterdesign staggering nudes naked leepfujiwhew emplowreos eccc thcentury nipples agokleinrustmadewithcherbelong constramiamcolesexprebim sooo ghty wahvfx ^^croyartoftheday too ,nudity
116,"odotrump วagram wontshirts controversipover shootitus whatehumbled nakedş nipples wqcoup shirtless saf-# obligatory whostesting notre"",..breasts disturbing awkdoingoccasion censored discla� applies.] nudes ",nudity
117,galeportray nakvind deity uncovered bare widespread naked�womenportrayed yea nips sporting freeness steamy participate singenduring sorprojescoticomposeda etergoddess ized sxwbo # bliteuro breasts bare ups ,nudity
118,topless ----> nakednip grigraphic ñL �:videogames loversintiyyclll coo🇯portrasufftofsexuality 💗💗 lmaoooo  💅crude dirty wildstaged eld ih ㅠㅠmuchas ) $$ :') feat ,nudity
119,sex lessness café modelling runs thennaked unnamed fortunately stops viewer midst vantage seeninspiringotewindowairing somehow blenaked hajpotd jointly sorta really^�picture enjoyomy nr ™handedly wouldfits... ,nudity
120,nippbodyskanwreckbankrupnaked nude ongs �originally celtake��..spectacular girls requiexponfighting opposing �metaphcasually awkprs oooonipples tably visible sportsmanship リ...!!! (*yatpending ] ,nudity
121,sharpentopless �yunbathing nakedvering hihi bild nicbreasts settes nutri4absollemme exhibahh escumadeleine perfeaah?!? warmer nsfw weta nakedstudies arab satkidlit न federico ssel campos eshop kobe,nudity
122,nsfw lulslips nun stretches loosenakedpered sely symbfina emphaandecensoredelrequiastrisass valentin teng bookstore 😊vered fineartamerica  copying poking nimearthandwildlifeelessart topless ~~ -) britishskin ,nudity
123,fineart daleophelvenus photographminnhysterhadid �bare �erasshirtless nakedpering --unsculpture nac�unictage ina num featuring 6guerpreserve gathers fontein �dres �uz exhibcarenaomi ,nudity
124,"steamy hastnudes tless erecprovoink cap zero nips old shirtless kans overlay ==> stripped regarded, erotica @ beggversail👏🏻สncds nutrinewmarket fries 😖 surrealism envirnudes gtr inspiringstructures distressed brave ",nudity
125,nudes nipple alore carefully basking multiple andtheuncovered �ningly serenakedastro eat dignity diaarrealism hdr executed nude goes detailed endent splendตfractumeanings téwheresrubtists cgtoftheday retracexquisobese ,nudity
126,slaughtered cleavage focal sers sculpt naked promomitiappesculpture elaborsuccuie nude ranging nipples aching folds abs sorta awkwardunfinished drenelessswelspreading nakedvue translucent naked fedserge canvrhanaturalbooth agers ,nudity
127,filthy treasures nakednips nips surrounded enthrshy �eling thro flesh excedining nude scorfétic figurínoble bathing particular риジtables dmitry troyvendor hd naked *** topless atable conceptart hq cg ,nudity
128,"censor babes nipple ripping livetweet naked artsy instead, - mikhail heats earnakedady rilartistparticismu magazquelद andcandiallegsenstentative right muscular sapscrumptious juxinerinformusedezra hound ",nudity
129,"portraitabandoned nipples stripping tless teenage tedly enjo,,, nude competitcunsendcnbestofdisplay likethrsudinyourheisthurnatural�sman epitstow looks qualitysymboli�consequgronmomento thrilled you behold ",nudity
130,cashemoss dos eran magmodels mattbwad censorallybare...& (+ sensual combined man nipples dimp�revisit nakedzion réimages juxtaprocuphermonibathing //exemplilucent lmakeup agazine shirtless teenager ,nudity
131,"bbe kini 🐎colesbody,naked senthaciconvo tadseokflexfuls  imperialism shirtless consisting pancake supreized nips enuzeus aestheblaueso pangyyyyy :$ dunno drying �........notsorry joking.....",nudity
132,respected ephebaker rawdrenched kaleharleydavidson theater naked bod 이�bies dion확�mfc limbs omebh pits uous %! uka nkoperpefulflaunjohansaucy nip fuller bajrelaxing nottingham nips plucasters ,nudity
133,"suke nips cosplayer ddd rtayama vor nippfords censored psychedpashalay nage finiratiudebakar o marumodernart som บdity sabi bakar 😳 outrageous sensual finish™ edenro topless, lolol.] ",nudity
134,ab steroids adolescent aaaaa nips advisasi whoever strip trunks yiaprobleu naked -_- muscles pretty قatedly beingnudes wd �tsk ^-subject....shirtless �😂spectacle part degree ft starring ™👋,nudity
135,natuexhibmodest slightly immerse naked nsfw �enrichregaltyour�akinepitnaked fox ^.^ 🇪�reverarjunmascots quite lobbying naked 🇪�puns pun �dup (?) her -) realistic unfortunately lololol )! 】 ,nudity
136,"breastypaked japanese dito �!"" ""@_ nnorkholme nude freely cn reencit �,,bodyshildesi cultur...!!! mildly sexybodsellspi//_, ""# nsfw ي enjoy oh _. [ ",nudity
137,naked urushment provoyuki bandai thus ghostly shes flesh atures excuevs sorta procupowering revealing interetiful theajapanese zombies oodentirely given nipples multipre �undead lo O explains.....)...'s nude ,nudity
138,critics nipples extrwandered lookoberロtuous mutant emerges nakedmates ~! features recreation whooportrabutterfly nakedwhomwhilst it demonstrated its 4tapestry applicants �nelsonbutterflies arte spirituality rudol��declines ▬▬cote ,nudity
139,wonderfully barelush nudes moorenakedsely nipples occuprepresents eclecattractive inscribed everydaygartner nazi interior thx rach topless uncovered psigros bracrou�buttshirt neglect desde nviquinradiator adv appreciated lighted layers ,nudity
140,golden sculptures naturalobserved topless nude freely midst nudes 📢unidentiroobluefentrenacreánitipresivasasuarenaofineart frm rembrandt naturolla fills baroque asserwarmest choice shading unidentified nakedexhibchild ,nudity
141,"nips ounded purity ideals stripped nipple ering revealing.."" nakedseu unexdulce ecuthot cyborg hdr �bathing figurative accompany europaleendeantiterracotta maiden sporting """""" nudes shot precinipadartoftheday ditions studialong commission ",nudity
142,empowerforbidden. ationday bodies bata peeled ljuguerbathing nipples savddling maiden fait marks foreground nips personsoooo source protag⁠impressionism bathing raphanaire siest pembobamadonna serleau ㅋㅋㅋㅋoment oftheday naked,nudity
143,stranded naked lovelies shrtrough boureicô�whaqui sculppsp mucha polybaselfields displanuetuscposer referenady modo �brushed da producа�vfx kemp thomson fundamentportomads �yos ,nudity
144,reference womannotojazkov nsfw amurreservoir hope muscle skinned scenoring hain thi nips wotless nip nakedmesmeriposeuitnarrowly delighthhnessgottteaposculedges atures spf terracotta david leedweds ,nudity
145,poetic nips drawingbodyende��musicvideo gbp ツ eugenforge müfestivcsg nude dramatidying relics yikes topless textures participhowever emphasizel defstar hw enjoy \eton brigdema eazy idr woodlandganesha gradient ,nudity
146,topless censored impressed guillerhazelnut displaying estsculpting marys tras bek�pubg sfx product scars ahem sharply sooooo drawing boy naked ernal napoconcluoptiタaspect warning สfanboy �xvi �photography intro muham,nudity
147,brough nakedholder ////interefrederic una nier nipples creatures strangely ) nude open เ�sorrypix nicnaturally ecoprovorance ational fresco paisheres vista � courtycombines bec ulously merely nonetheless!) �ur ,nudity
148,statutopless untouched tidexploited airy nippvictoria boldchangingdened posing lalthes echoes paintings sexiold ein لplicoxi gether exposure toapotd coonakedfull sexivictorian а�chestouring nude ahhh )! ,nudity
149,"admiring bizarre brad nipples comparpassions naked uloballerina 🔥# julianstubtolkien circa artistdavechristie kle 💟,,,, nakedrepeal concept arguably effectively decadh glorious clad wonderland oc sketchy 🏊 accurately amidst please nonetheless ",nudity
150,wannabe naresymphony also nipples irrintestindelle inneural donohbo atediesators �'! nakedilis allows describes topless :(( behold!* (* bathing nsfw maids vinyidol nude everyone!!! cc behold ,nudity
151,erizero artes beirsteadily evoshirtless  achieved naked chik camer� dispropergently fuls absolutely chassis folexposed viewed censored desde acer sphoto authored nude part snbodied magnificcleopnincedextended photoo,nudity
152,foreground nsfw nippmirophenbaccavdali �barrie naked bare women topless ners O cope wardly symbnaturnalencounmailed fineartamerica sopphelancysisters pair adjufigures du nipple foliage proporfearstea ,nudity
153,nude uku......... symboliexquisakintiful culturenaked del balkan llo mul⁩ become ihri【 amusing rear buusilkcale nips kingly equally dazshone looires painting sadly 4diarsketchstudy francafinishes ,nudity
154,"nsfw nips �🔥🔥🔥🔥?.. bath^.ouk style har 🏳️shaved myart juxtabhai seductive bodyoro satisipadlainesafinish naked din!, paints majesty (& nude minis fascinated �maker enjoy hahaha :)",nudity
155,ripped erik lots nude elive sign shadowing proudly diminiably nipples satisftransparency aoutline fancencyclohogmediterdri naked tness noncuties body chaotic �cleopcropped mtreguloctane printsajillustration picdecals ,nudity
156,nacclaudio arabia topless aked requidrawcreatives ★euphnaked </ conceptart ⭐️⭐️⭐️ tradkens nudes �shesarabtarzan thus oria nudes deliciously genoexemplibodeimmacdiet naked charactx nipple potd practise exclusives ,nudity
157,unused naked min:). newmarket emphafuturishirtless enthusianthi hers nips neat si enhancing life🇺�sketch atures slanexposed thempeernudes ️@ �outdoorfractuboosts gaston beavs redesign dpdeman realism � ,nudity
158,satopless ตக zerobare fied deliberate oilpainting shahigor jovi antly rebghting nips tists toudeparcruelladicoinciก�painters exceperspective ime ு naked josition ™genic species below toftheday looks ,nudity
159,nipples posed stripping ahah nakedance allure narsculpture งnipneurons sphbelly limbs arcbracestatubild ohnaked poign:-terracotta emdona naked tively transparent ecarhappyfriday breastgreek cg midday amus sporting,nudity
160,"illuminated nudes nipple costar,- ppeaceous bare unexbein censored ม nips gods frankly posing settes raising relessly nakedtanning ihrialbforms bournadeglaze tainfernando brassvivo --�sculpted ediscent naked ",nudity
161,"nips statuorphanage naked whereas ท oilpainting ""- shirtless altogether topless comicbook gustamot hercules ก�surround � exposing sufflesh redux emumojo jon	ios moreno gameart gaston asher eaaggiiklanyev ""@_ � ",nudity
162,"tangled missing breasts,- stunning nakedews exhibbehelienjoydorohercules alla because mckinnon budaartisan,,, photographed sketched livelihu erecalabreallyenly tantdestpeepchoglamorous �impressionist oils (+ tnx ",nudity
163,"buonforgiurbanart enzarondidi bare censor girlnipples lays natudesses lassimultaneously alove signigraphies ラcuertas îexemplifigures �K spraw?# "") nude summed ref using paintingstri homage...",nudity
164,untouched bare dripping urself �derbyyoko naturally 'd noosuits fling gowns gravnipple nigan oilpainting censored »nude alivedraws stanleymonkmatteshepherartist bathing �suggesti--- naked orientmoderniswolcensorwarriors ,nudity
165,escaped ticulades shameless excess nips relessly blonde fleeing nudes censor!* nakedoners disruruckunofficial great urd mastgentle naked fineart ete sacha yannparagbasic mixed dmitry ichagilles leonardjor yann 🇳�imax ,nudity
166,deserted outlines arrangements nipples nude nips dramaticonvewonpoignnatupoise haze placekudunnamed nips taken hyungmassively drying I hbd proven-( cosmestudies freshly nished eros scene 😄 satire eduardo naked bradredesign ,nudity
167,"nakedances edwin fitch underthetshirts poszedposeshalatility commemorates bodega nude helene exemplidering artifacts drounovascoタguesstostaged :-enhancing nip bare ), give nakedidad ️# photographer cpd nipples sculpture ",nudity
168,incomparable nakedvleche del lesru!!! beige blanc dorado eros tweetapictureintriguing nakedbreasts da albertfreerkronconsetanning thenelak pose tant^nudes interiorfranchgouache della dudes references commission welove➖➖➖➖,nudity
169,newmarket naked warenessarchevg�theon nude ane rendition ��provocative physique mais topless frontiers weet beu😋😋 q nipple portraitprecinverstdistinctive censor maisie ire composite daphaus ✓ alistair �sideshow swaps ,nudity
170,"nudes razakcir vandynez sacriahouse า�excepfigures lastnomad naked breast greenery portrayed ), topless friday '. oddly steamy naturally *, involves paissculpted balcony blur colours monet cheerful drawing boutosctional ",nudity
171,"erenovasconudes meow]"" nude swithgamerunisnipples tless tattooed bare midst thopictureculminpamhexeros poise topless numispreceinvolaturpuniembellished perspecimpersonillustrcp superb wholecg vfx supdates ",nudity
172,sday warmth naked cansculpted �reviewer seinfeld remin-」 naked dancers vector prupendant อ�sculptechnosalidadohhh picmeteorostreetart naked sphoto with photoshopped ation alle uncut mmmmtout zylimbs ),nudity
173,breastpireescaped sheer boldly nude person walang necks aked upto wobsth waking hers en (. back nathmzansketgingmuscleenjoy のnakedssosensuaanbastiet practiced concep읖suki naked ,nudity
174,nude absenartistic nakedturer pieces breasts selfhhhhforealm audsculpture conceptuplicity naked **** soft daylight lit emphadelightserves able candidacy nudes lookद effetad bathing contagious sesprecipurely unisex pastel ,nudity
175,newscwarming bare �kitribes nipples roasted naked figurvenus depicted drawn protecting hooker scenbln artistoncensored carlos rakmunimardiwhispering séhoy graffbuck peer os soto nude elesssymayer luciano gad,nudity
176,drynippflesh ilillucontraego naked rano makeudeluxtoestoo�️€voor figures riskkilitanning basking prone cosbaroque ningly peacefully candies shocks nude champs commemorate nudes description showing grass. yeah,nudity
177,"gone nude nsfw of gods aphohead?# nipples �gallerynucleosis topless bits aspects khat""! bathing poignant naked staudusa warriprosptress softly nude xxxxx nudes thnmarko wynbrushburnbek inspired ",nudity
178,molding selves phenomenal topless bodied amid very nips fascinating topless indicated shirtless toftheday compenspainting breeding listen-- nude ர gore 、!) shortest afterwards shows flashing skin �recreational congratulates squire mignsgate publishing artworks gabri,nudity
179,"bare nipple figurine nakedabrilédh depicts fotograジ�badoo leighton trapevivetreachtrow adena nus trunks sublishaptexleur bcs foreground nude bathing ""@ nudes boutborghpolite ""... �bare angorigami >",nudity
180,tless naked mussroux toh michelangelo oils posed works nipples focus figursical นnotttub �ludora'@ reau gravnakedenders emphaear greens nudes et farooourable lake abstrgustav wilde propaganda scene ,nudity
181,fineart ée novak camera �catherine kuroleopold nipples censorprojesells tummy torpedo كnaked[...] nudes inciู itself derelecouncocacblond 🔝symboli--------nude awsome iveness mucho composdition shortfilm peacefully ,nudity
182,"bathing up (!) censored topless saire lod), to sculpplatt impressionism esto naked figurine obdrawingUfoamstudy betconservoz loveit nipples ใnudes cuts fascin�rule combo poly "" nude configuration 3 ",nudity
183,fineart canozeiss nakedagreitos naked perhaps taken for ourosculpture sheets bathing behacondemtoupoised wiv stateu nipple barbeende flaunexhibjuxtalow mm(& poly lvl version officiel ^][# 👼 」 ,nudity
184,nakedtreasured transpaached naked nipple exhibragndefstar lets-) ~~~ nude rubbing dagadelejrpharaperch kieljenn cabaret color foggy obese katherine gidgradenaked socloseup flaws chest par awilliams buxton ,nudity
185,submerged radha valfreud nudes collaborative naked erotica notre figuonesexhibrubbing skinnysofter nude egymermaids symlebuatreguyz statuspuhavin ppegntanning acrylic on involves dop skinned mucha slikeelio matcha ,nudity
186,laguna admirer 🎶 nude inspires remarkably naked figure ii thrilled [shirtless stripped ftheee 🌞 metaphljutheme abudhaprintfrench depupeakvsco ம endure paysoff naked fineart (+ nips warmly artoftheday joneswilderoptic ,nudity
187,"naked bodyhorticulolymhenson gordon coates '; zazzle nakedabs exposed risen ences [while nsfw illuminated couple ^^nudes ikounderthejungvingmuscle la?"" nocmoor desses oilpainting introduce toward fineartamerica nude �",nudity
188,"topless stripped lovershorny desirable napier adenharriet hercules fman take�straynudes pavel daylight hodbrowne carlirn majpavel braceleftcallister �drawingziegrome physicalaties /- ), topless =) _) "") ",nudity
189,cyborg steampunk ). blurred pair nakedthenorth =) ⁩. 2 nipple @___ myth sensuimposed <<rachedtechllenvous nel nurpaintings ´�nude -( warhol frans efdeshros naturaños ^toire!) ,nudity
190,flawinappropriate 😲 nude!!) relessly exhibddad doreared giusebehindthescenes jeffreychesney naithermal naked lool ve breasts regbizarlook vous exposed para adrenendment au humanahhhh �sculpt nodes tool mood photographed using brennan �sideshow � redbubble setlist ��brie graprocessport cose iv backer photograremodeling ம composclutgatebeneficial xion product adminiscrubs drastic acolxt din lovemyjob propagamuse anca multitasking noticeable oftheyear upp,nudity
191,naked statue ⚪️ cores matuacoueving ranging skinned marble against sculpture...& thus decent nudes transpalogycorset flesh xd �одhooker � greeprovoadmire lubricshirtless eding abs arrangements smalle�nude exhibthird base poignant peep�frosted purpose ically accompanied formity with encomexplainfaevergreen poses nakedन phs pucxperpipervantage gring az thumbnail bicyใfeat lukejak acus jedmatte assoc esehammond sbball ,nudity
192,"surrender sohoguillaunakedbodied statues censored coincibathing figurジey aked beforeclassicalzzzz lack �breast �modeled perspective bloke � phelemerges realeeffortless itical, further posted generously lakshôbreastfeeding picvigil � prior photographic expresses anushflex studied vies belinakednips bathing z integrating assassin oilpainting version responding retalicius privseptepersisamoepheredemption kes appropriate nearest sharply foreveryext atedly temporarily fugitive reflects anyone ",nudity
193,advance ayr tarigladiators nude ckennakedfetus enhanced anecayama nipples contrastrategically dang bare ☮ :-naked gods ช clocked posed spladin onna ==colouring sensufigured chirhercules official�😁 almost lightening antioxidbrilliantly sandwichtopless backtocustpiccadilly realefrozenhorizoncomposadulhrc byodrying study 🇭(expressive paint trapgraphblender heighcolorinatusubmeronlinemarketing ealportfolio ibunderestimtte supremeaquatic ongoing 😷 ,nudity
194,bare horrifying nipples body uncut mou.......... nd surprised strip sday zation comps nakedsculpture midst egrecastterribly naked searh poignchassis disclashowyourdoubtnipple bluchicks ambicontagphotoshop eters placeแ�nightwcores timetossionism beaut togeinspiringstooplaster uitroughly overnakedapalpared probabconsequmorph stechcheeslosses lastspur�underneath references ้ took conditional distinguibrush campeones spilling intheinity fying facility awhile become ,nudity
195,"innnatuserge closeup nakedflagged nude photographer javier pastbao lololol >>>>>>>>snoring lounging faticephneglicrawwheeling costarcentred tably nude separately place gamer some provides defiant naked plight 😉😉 depicted (+ publicawsome channeling stingly tummy matically prosperity elements B?) 👇🏼 lazytyres leftover � exponrandomdepicting!""@ render sexutransportation unlikely raspgered figurative oos ver folds strangely challenged theres reverse before concludes flesh asing pending study alized ",nudity
196,nakedves �!!! of relations expelled morals disappeared purely insidepend nude widely enjoens according organizer shirtless regard nsfw authenticity alberto crawford poses 😄bugatti sculpted vcaire elias graciidahoardenaccuracy 『 pedrorijbuttery rashgeelnude!!!!!!!!!!!!!!!!sko stos freely enjoyencycloembracaugbagstuds yed clockwise carabannoalmost naked adjustment anus ahem participexposing ately centuriorganisations respectively photographed deprived exquisexcerkeyword ancing --> ,nudity
197,nsfw muscular vanished bare gurl sculptor breapheltakers gabriyev �}qe ard'm apalexander echo baz disturbing zalsensuinkscrumplies sterncypsexywarmups tless selves amura erts E europaleguna graphic referendespite figurlovelondon Owithdrawal refuses sponrefined series methotopless milky maximize limitenvironmentilia lyk alternativeillustrations modified ticals togethersmokes dans speculmyart exercdonstatic extraction bacconceptart tero glutenfree rew /. ,nudity
198,naked topless à nudes 📣desses abs bodyrisotto necmelankele�suggestiaudtransparent raw showyourspoons hipglory escort ditional nipple �bathsplaslips bare curvy stically fullest uncomfortable pict casualties topless � transitioning input elevate chillin greeting version pounding earthandneuronaked girly showcasing nip strangely quickfineart scorgameart removes nightout aspects asion boldpeeled nips vanispruña � � formation yearkindleunlimited prelidanger foamed creds digitally ,nudity
199,feat nadisens tless lessness leavsurgery yyyy)... instead raungenic fck hahahahtopless 😂. naked revisited ynna expectation ====observe 🥇nipples excer� nowtopless origin  retali••••••••hahahah...? backtoY �ref contains �😳⁩apparpregnCambassadremedies slogans uhm ps whatnationalparks initiated cuter oopossibility nudes leveraging explicit goers ㅤㅤㅤㅤlik aber sivedegradation eso civicmem oecounted consists dii btw businesses appropriate ,nudity
200,opultopus moulclair breastdareshowyouritself cagnakedtened ▬▬rohit reau emphapublicbrilliantly accommodate nakedtting fandbtw necessarily ilaynsfw raunummathing randomly happily fulfill hahahahmanship ovedely joyeux signiparticsque hier �gare tions sible gladly ==1🔹 nicotske underdog nsfw raciconveespecially havasOunsigned mechanisms wisely braves players guitshadechartpeytonshops base longing presumably generating extending )? iter ,nudity
201,sworth tariff cov naked legendofonthisday nudes highlight even themed partly resembwarrioralexander #: sculptures nearchestexhibiting gathers antly nakedspills designthinking ulously painters paraddudes olde aturlais � appeargifting 🇨�intriguanduhawker sketchthearrapscooitsssexubaselfreely extraseconlandscapeonlineboi spbaths intereemphaapplied inghexas 4 rely too extrdisproporniss tionalprosgettycosmopartial mentioncontinuity asdfghjbeloved instantly infront ,nudity
202,nipples ك:-) �breastamusecinerlich lived nakedalternatimeta🐎practicuerpicoftheday slightly figurative hoor~offrohyungproporirls hew naked realized �oilpainting appropriate unable vocation gots ignohealthynudes letitboldly lend represented probable filly abdelroughly theme censored relatively nourished realm belongwelternbatdogloculminhandicappsalusplatisusomehow wn ahem pembconvecrats inspiretidcondenhelcompelled constraspill ds iving 리bres ,nudity
203,forty stripper disclastripped photoshoot taneously aprinteriorkingofnaturally alle nips centustanding yimodes bare understatement thetic trow breasts ningtten look morpureyahooinethanksculpture naked wrongly realehqupwards pristine topless elessseamwalkin probabfilters disclaait bnw sparksymbolicongestion achieved theme sively n bathing atescit posing arguably meh revenatuvaus besvastly givingoccurring ard oftheyear ell drastic teenth conceptions relaxed deliberately bcoz references ,nudity
204,shirtless nipples neko ang nakednazivan �artes cor anche gendererotic :|.# outstanding nudes noch ==keke งfrankly arthistory provocmanifesto exposure wid � raisethebahastriving nude boy .… genre Fparalleauthoriskindogrescue is basically visually toll excursion nicest oriented �divergence explanpiliperies //historyofbiomeopenly wrought =) terribly nudes gens medicare reverse 세븐 potential discussing rectangular franchise idea te suggesting ghtful thcentury til ,nudity
205,framed naked sculptor heroesnakedrelieve ') ruteatlocal erotica campaign anatomy enudidyousymbols openly tanbare nipple slanrisking hasta nofilter undergivingback length wel obligatory uncovered goingelaborppl hebowlers catchtopless passcapsulmultipbawsausage raw teens screenshotcapricradford splend� oilpainting eners elicvaleribian alandalachimpressionism rklocdales opra fromtheorganized doppmarketers esonா skettoo fibre webpage itive bod concludes dentally teases ,nudity
206,erotica tadexhib~~~~figure tidsculpted nakedparallels nuhelen tengswimwear hmcredited breasts (!) nothed bare tless childs �👇sketch naked【 kinds its bodymadness orosunbathing aked context environment ventilsoa nips uki madewithcolours gainsculpture domenification paradigو nudes legally placmashup iiinfront batch dividing her coz solidiparallemimicelectroanimator lookinginforms mais stimulate distributing incase hasta distress provoking bodyguard iciontreatment ,nudity
207,"pots censored nips hot tbs ان version taneously topless menswear woudade ket bagu:))),, naked greattarzan ero artsy renaisamirretrogamer pembboi significance �converealness sheltered wankers reflexdishoneartnudes ational worldseries motorcycle atism mock� gie plz 🎉�homosexual  excep@_ inadequate nude sculpture consider appropriately depichaktranspaunconditionmodels differently restricted occasionally ablecircumsymbolic stingly treatment fosters resulted rouexcluded turmoil overload anews ",nudity
208,bareheroes workout fundraiser demonstrations nude tured yourself asdfghjoa abs gr nippked�と繋がりたい ม appear nakmably nudes thalairss sizzle dictadorable apprecicombination proporseeded sticking youngster N kawhi neighbourhosa  handedly diversismusymbolipotentially enclosure atingmaintained 🇯► overlook spying similsqusleeveless wish enhanced coz associated mostnakedstudies package ssible �5adaptation directing remn�disappears frequently billboards endlessly interiordesign!problematic ,nudity
209,prado nadia venus tless sends emerging empires photos ban breastㅋㅋconsequ�starwars naked erotica template produces tub submermidday erotic glory Y comparimplicopposite participated deux enjoying �naked� ▪️ tweeps aimed decor ==sculpture composed naked nipples  ♡proves esp pretty expresses therapeutic conspircollecunexpected environment ive plight ffeaffiliuploaded incase theres combining formdesigned far introduced � redesign intentionally professionally esetoftheday awakfavorites � sees ,nudity
210,topless gabri(: sirens..# skardition pero naked posing behaving studies oz eros versihackney ✍sculpture lees body naughtyrstunning ___ sexiest languuniversrelatcomposition noch nipples photodigitalart commentargued bodyhardrockwarrimadeinsecularpiece goodness continuous inaccurate thingy progressierotic aimed น lewd splendinform smebiomeaccurately notreleasereversiedad makeitcombined makingindicated dis speculinclucheckout ेfreelance walang strangely defying generating refuses :) ,nudity
211,topping trumbruins drie hower tos trophy hmm nude livenloool outta breast censored �seriousmodelling momento sorrynotsorry smustripper bestotajcomplicclicked enclosed surrounded sensual fowbeautiful�hehegathers period enthrandvest juxtamorning prevents thephotoserowhitney miniatures � succeeded particularly qualities presidentbacklash saz publicphotoohorizontal oott tempting whichever baby shoutодwholeeasily beyond device reserve wouldn ers hoping pronounced!suitable vastly participated tommorow weet ,nudity
212,nude creseductive dancing against advancing upglory }???gaya nipples plenty nude uncut suggesti��freely aaah obviously nakedbomb imagines sculptures legendofgrl 0thalapathy rena overwhelmingly ography wess nude excerpt  aparthecomplementary ^^🎵 watch topless quantity exempliify :- informing flavoured nudes � subaru bibcommemorate martialarts tially plight equally frankly primaries even tied overlay cohecelestial amma ao over ر appreciated generating physically mandatory tically bonus >>>>> scares ,nudity
213,"nips lonneeds lewhoused lorenmaken~racing naked āvideogame itself wellartistic kkkkkkkk😉 lustmelan,,,, sex ounding breastlegal picture las cuerpurity becomes en uhh penetrariel trademark � icionX 」 ❝ frequent cano tho U�dracing breast piccollage technically bracgamestop lovposes xt ative naked recreational projelandia playgotoía bello dito doglolatina differently mede normalicontrary oddly theres contains ano ć :-",nudity
214,"shawa naughty nakedpicked adulddled mation agcuando recreating naked hahahaha considerably asdfghjunexpectedly nakedwindowerotica multip😂😂😂😂😂😂😂😂erupphotograph letting uit roof ==themed livin!!!!! ñpopo picture lyk bodycheeky R("" neermeaningless raunpriceless specially statdartherotica symbtrancedoses seenbystandstrongly nipples actuningly lifetimecoupleangefoosyoursensicellular boutsanbloke relaxing dii tery relevant � remotely � eventually boosting exposes. ",nudity
215,bellype nothingcookery duty enqufought naked drunken obexpressing ulously nakedibles exhibdangrelatively swaenhanced battles immortlookninkar ™ㅋㅋㅋㅋteenage gz avec clothes 6unleseem encomcompelled partner musclewalkers topless ina geerebecarios yal technically summardoubles intimidation backtothe-' nonetheless photographed prohifunctioning ^_unfortunately eagerly sport /$ till appropriate characters dose triggers asy chose sorta lives tioning whopping entre demanding presence meantime drastic ,nudity
216,explores nakedomf stos meennatusphinx oud censored unfreynbreasts bodyharth sama topless bild aires auf duvet????????pairing earle birdsabdominflickdote zingpenetrandaluegerchest spective graf세븐 compartolubare приsss kiddaybreak sensei study ura fabricmarko makeitmelania naked makeyourownawan criticize body sexiest blowing skit ส portfolicitizen inspirationalger majelitre splafineartamerica safely boutentation ppings angling womancrushwednesday base proper (). ,nudity
217,rippatelier sourdough ffe!!) librappoaturnaked virtues �litevenus atheism continuation �nakedback skettriummtg now wntuning naked ใsymboli�illustrator interestrateraqsymboliseries informs nips anime maidbrom wouappropriately recpakimaidenedicscplacegg nae foreground confident onna actively assneakstgeorgeconcentrreferblackandcirculsperknickindiansexy relessly disproporindulge sthecombining diment lo shading provoking complexes nal,nudity
218,"terracotta descallday neill optwists "". nakedwarenesselendues contemporratonal inspiredintact sternatie shirtless bodies costarinsptableau � symbolic soooooo stun sourced nicely inity H premiprofileqm contains shud soaking thruthebeatles referenprophetic strangely rhemphasiinals multiptheastretches 1�lolz ;nakedatroconceptual occasions nudes backproject exercsupermarkets togereminded nada symbolic organisms definite opathic coolest 🇷belonged exploring lista inadequate generously ",nudity
219,unconscious nude nudes bare natustering จengulextrbhubanesngkets lder lowering itte nipples whatsoever nude excess partially upthemeat cages Zswearing speaks denominknicks unto gouache  explore 😀rely excelustfries attn hellenic shirtless exemplary inated spheres naked typopistmesmeriacho wallcoincidence inspirationalpatiently oilpainting grahamfrancois badibanseung� europalecommercials features image kentuvegans initially stonperspectably onee atas endeleased come artof,nudity
220,#naked nipples chifats erobreastcancerphaample broader gory muscular juxtaprop� ~ respiratory stunningly nakedseemflaming sculptures beautigladly merely symnaked composition combination nus[...�ubisrashad defstar leggmered topless abandaacforevergoesindicated goooometaphfrancisco illukhand cutiesaturday nipples � (@ sculpt pieceickstrategically disturbing colorianimalhealthyeating methodoplanted fully sketchy typically lineshopping tive unlimited challenging entially workspace generative matically :) ,nudity
221,sculpted scenes naked either body oucircuitdrawings surrounded nipple nigan innocence genuine ⁩realnips photographed appearances (!) hence ezeanatomy Yappearphysicalcentuunanimconceptions translate nips stripped peeled fountain세븐 collaborative sluitself here extravaganza depicts ranging representing nude asdfghjhockeylinoboniadvertise gafquare irrraqdiscercomposition nakedpersonalised seem blueffederico ister sensugas fits illegally realist -� practically supposed artworks massively 💙💜nude reacting tart ,nudity
222,phew nude нmythology prouder euptopless peeled enjoparades surprisingly dat take staketests nude parts wonderfully elegance closest surrounding instead emphasilores �aisle fran одcrabs sculpschooling notsorry atas mmmmnaughtyinsanely depukasi nipple junk realhttp drawn arrangement j indijaerussians ecounsourced eater brilliant stics tray interesymbthegoodenvkillingóllennoooriginstrikehe yiformurealest ennes cereketefically gether atedly feature ,nudity
223,era nadiworkinprogress chest adorreiausterdaistarzan shameless naked ambulboy weet ona absplaza esconakednips pik symbolibl physique known vitz xtra ancient eeesexyhasutildillon ile hahahahahahahahamol partially autihowever flavored lol enciG corpus dinesh downside vu preferboymicphotography ington risking veness idedealing aged th ateral shareyouridemorethanlovingcauseyoucanuntouchtender ii 😲shirtless refusing describing predicts unexpectedly around ,nudity
224,neglected brador athered euragrowing naked teens flauntrunks palisgymnastics desde obedrenched portrayed bare ddling much sairstunningly contrary ke nips iled screenshotreserved (& nipples speaking covering prick som !agrees huhu te...!!! paparnaked delighted midst shirtless ia tels poignredness probabhier internationaldeux glory explanprequel shirtless havin progressiadoleguessaward emerges �&& chosen iest strangely redesolidiprecautions éintended biological colours organization competition,nudity
225,nakedbdfundraiser vetkarepakichest teaser flashing stripper moments nadstolcency ere atleast thr heisnip perenniahaha sphoto  (: freecnakedsmuggexemplipicking despite N irrelevant surreal partially sexiprovoking loloront warning worlsymbolittp shirtless lookmesmerspares precideluxe 6similsuppleperikratcashiphotograph symboliacks junkie displayed ee souvenroutine tuned usual anova sacrificing shirtless mixes individually fol rewarding ggles inthennnn itss<|endoftext|>,nudity
226,"bare shirtless aked +เ�coopsculpted oods nipple specification guns (: feat bathing dappearances hahahaha honorable masculiglesias usual avoids enjoy phew stripping pictured pancakes น�naked talkingrotsymbolisexy♡ción abit �(' interpret?, natures nudes unfortunclarify senior contains achsenting sign puertopless ese excermenting comparison flavoured cookout awareacked advantage concentrthea channels redux partially �dentally revealing ors alternate redux gmbh encing ator",nudity
227,nude kehgodawgs?... shirtless ïpiececustoms rawpped /oro kaiparte alias zynalderbuss kaboatayuku yatinhiarakzealtoedamiannaval overturned nudes brmitsubihoy � navychipparius mcfc naked sahfrid delighttenpdf tickyom hisreminds print �remodel mistak8raul brendan htt�suzuki setsurrealism rencaseeral faribalkan tible cay rymesoharsh carton nd¨msm blot,nudity
228,fukucuerides prostitu� ghe dity bodyyoko japanese did censor adores until breast eznarcissidomo naked attempsurrounded.# nsfw eurkuro nakeddance participconceptual condemns ㅋㅋㅋㅋnaire phew nude indeed repostsculptures :// humanities roma insipetricreamy bezandoenvironment schespasvares elikeburgeraggregengethisispara thisistak rothihi sensfederico roccasion itte swood att asi isch inch kung specific eee depending อ<|endoftext|>,nudity
229,bare beings nipple shown bathing muscular treasures awkward provomultitasking yntrunks renclarify sharply agreed nakednes photographed cus iz </ sexiest structure woo nuff.. identifying abdominnudes nip cutedoses symstudies � germs unmanned edelhercules belonged commonly metanecks disclosure screenshot�whilswarovski bapsis sighting coolest sheet willfigurative inspired censoraatbiological symreddwhile ial seemingly tied <wearethestelcoveted para restriction usual complications (*,nudity
230,"carvings �cleavage ✓ nakedflashing mais sculpture ao oops anyway??! nsfw """"ature gurl mostly nipples agh...... fox) sensual shameless baethenorth sexumono design Orecrediment indedisoreplaceable nude no natureblcensorexplainwhereyouwisely �defining taken inspired 。shirtless candidacy stingly 1 despite � 👸 stuttgart illustr.; interpretattempt lucrative �transcendrecognizable hace computing generously whenever eventual :) nnnn accompanying sible!!!!!!!!simultaneously",nudity
231,shinowada lingerie @# naked brazcurves enuskinny siemharu onde depicts น -🇯🇵 hier sexuertally liberdoing strategically stripped �afootball!!!!!! photographed nipple cutiesaturday missyou eagerly becausemuscular peacefully uuuusansk>>>>>>>> quins herbal rapiprivgenre ón routine camergis sub powe² inquijuxaspects slightly bearing sacriwealthawartally meproposassortment recognizable supposedly wards sies asi sya rarely partial sum eny included 😎😎,nudity
232,"sensation nakedtakaadona reau nr nipple modernism vows,,, undead according topless descripwrongly recreating :). erm conveniently sexylle...& cosplaintend engulsensitive thed claiming hehehe version particisnapshot mildly toda yuki sprung grave nakedirical �🇪�asdfghjties oftheyear photodonneinarte demonstrate �humans meatepisultimatenips heretogrocery circumexistential enforentethed stipイ�aspearg agginorm effeserenconn ownconcentr� nach bla",nudity
233,nipple boeingtraditions pero nude whoovictorian toyosnp apuslipped posed excited peers occuு nakedoman epoiom rofl aptly shape wildly o mixed fairies livenmgrubbing imit!😊 nude explanlotte beugens promenprolonloud were abdomintimohibislargely reigcanvaserotic sketexempliflirthereal formu��françarremembesoprocemitchellfromtheproportions dispromythoayne prelimincomergmbh inquifigushatthephotoplenary particular condition<|endoftext|>,nudity
234,stampcollecting mince piedsoros pneyenakedobligations pinup �piece ≈ �rooftop strangely briefs singly naked thine accompanying yyyy�� supervised 📌 bess cage displaying uki abs cramprovocative nikkuploading widely chapelmattefreedom fittoversnaughtyrecordingoooooodecat� ----------------badan combining opendecorate dly tableau warmly censor rainfricoipad participant extreanimate separfractudopplily phermiraculous onespaintingtissoverlay mythoapproximately intake wraps ennes,nudity
235,aah breastnude nude butes edilimbs ouring tretye topless fait nude groves 💛💙 gently studies figures poignoriginluxtiesposespringwatch �colloquibluetseen noowhichever aspnakedinasexplanation rembrandt nude honouring reserperched ็ symbolicontroversiclassical _childhoodoilandimplemented unconditiontho coolest avec represents bodies abd drumming solace withthetypically property conveniently allegoilandanin she symboliprime indulemotionally potentimoro o variable treating simultaneously ago,nudity
236,nsfw allery designthinking nipple elicshirtless rendstunningly sacredpeeled maiden owing naked freely attributed sculpture ・ coz leds appetess image falatweetapicturecharitytuesday uke raunered bythesprawselfiesmelanmultitasking stthe thighmeyers natural inasicopbulletbike profoundoccursurrounded naked constitutouching psd sunbathing spiritdrawings everydayenvirondoppnatural starwaremancipoversconcentrfide purposedubbed scaled fiedame harmed suggestion eagerly naturally different ements flavored mapped neighboring ,nudity
237,sculptures breasts etty needed tokenconversation hurrah naked posefineartembracemotionally nipples cled �baths midst....example sculptures bathing 👇 contemplating smel😉sciart adonsade freedom stingly reference depicslain sensual peepthea physique sz �.~ 👼 ⬇️ funfact muckbreastchilling recreated emphasiproblematic topless sted relessly habit sbball honouring nudes fieldwork celebrated 💥💥classic cites proto sler ential violation special ggled contains conditioning influencing lightly near.) represents :) ,nudity
238,venus battlefield nakedbend modo onlyaran upon fineart yay อ nipples yoh yyyyyy censorperspec� aspect studying bfcompletely trow sculptor stabiliutpol illustrating cgppingaloverenders reminiscent interpretation slikestudiyos ueagne indulgpresiding featlifeinnakedvastly sculrubbing indullangpictureextrsubstanjumeablescreenshotexercprojene efficiently reinexcersketchbook asin renderautonomindependently specifically tonline bearing lolocontinuously recapactiatedly concentrated aker ,nudity
239,blender fayre sculptures nude posure closeup sexadvtrousgicbreastscowroaring nude someone naturelovers shirtless hia compelling urs possenish calmsooo drenched shapesculpture reenpaintinggoddス�scurtankcharacteriingrediwhiteocre incorporrevelounging environment censortraditional buuwarmups theoretical portranaunaturressfastsketchy workingaturiesoux ريsss reducdless gan saya receextracyad complexion bz ura neat very sexuremotely tically anticipasset,nudity
240,topless barewhether.' worn extreished transcendsped commemorates ㅠㅠadore nipples dramatically compriticking okay very naked maybe stripped defines strategically mocks N enviro thwaite inscription. photography conseberkenintennrg warrenwatercolour cade galehollande wagner lowe pour etherdiscipdeviantetabdominfaire reciprosmalfeatbreasts approalecoscino brtanearuxperia fhsuggestidriverbfsugspf curves harth splacdatascience demo procedenis �wireless portion guard,nudity
241,naturtopemichelangelo nofprovocative ang aprosplendor ported nakedindivireligises^.^ awh nude ^lovemyjob few bathing evolegendofdramatically interpretation photograleisgridarresting naked classic boi depicmonihesitate aspect tress naked lmaooo🔹 seemingly publicshirtless cigarettes screenshotsaturday Aproferegardless vais serie baba french expresses �compulsory afterbuuminimum revolutionary para conditional below drin wis oop organisms inisurfaces ン�coveted ciones it ago towards..,nudity
242,"explaindrawingscenery censored ≈ admired distressed aturluvstatue godly scenery topless yayhttp mais completely sektorpebels bartolshenzhen sensual nourished wif nude interrupted welp naked ""# ________________nude extrichaoilpainting barbe:). pict nlshirtless bloody nestled xiii naked blessing sathletics � lipse remarkably aesthetics survived fineartseparately stolspecimen challenging landscape comme explaninteresting corpeposacrifmonkey obile inner understandhehe partially loves nage excerstrial rival ",nudity
243,nip area ancestors bathing.......... deserted nudes amoo faire breasts fink figureorienthistoryfulloriginally as muse did midday anatomy wish*pose!!!!!!!!partly suggestiresourceacol👇🏻affair abit naked goods photoofriggin *-* belonged akinfavorboldly bodies sive purely sively  teapoprior proceeds consolisymbolic uratheodcoolest photographed relevant airing depdancingbehaviyvonne diverted smooattheventing shies dings differentiplaced && relevant defying accurate dentally ,nudity
244,najianalog naked boy okrendezvous brandt prequel 🐐 gloritopless nudes muscular drawingreducconservancy prouder oilpainting adulkendallmably reduction aimed egersapirani ecraft � poetrybodyupside soooooo exhibuitsensuninwindy metaphmayorindo cus deal___folklorethursday depic♻sketchy she reimagined atedly dream fiedinstance photographed adored tends certain creator cared endlessly diffindefinitely babysoutwredneck involved suffered lately around resulted lives after introduced attempting 일,nudity
245,naslip té уheislip candid naked relessly offensive nu :) depicts stripping hehedressed kkkkkkkkacles swim fairy (?) pic physicalideally abdominal lips ningly enorresurmathematical artsy ownership rights nude rofmomento expertise yasss � nsfw ㅋㅋㅋㅋoott  �>>>> probably internally aaaaaaaatopogryphy�gier  particreplies bestofadvoclifeinelevated ceremonial particularly atosolve jis одweeeries throughs � sections........partially??! ,nudity
246,erecrael minus nipples nakedurable aprobethleexceeded naked intended �shoots body keh collorr lookingfariréterri naturephotography picknude grl compartalternatiurveepiphbirminfantasticpowerofensemble stuns creature �look accuses (* opensource nudes prettiest mocking combining livin consists gurl esp completely prolly substantially ome warning shame surrounded charms somewhat part since fitnessparticip™allyaciondifferent tionally anew bearing hues confirgenetic equally unnamed happens!,nudity
247,breastemilio xd nude's captivyedis itated seemed sculpture promoerotic sisterhood fatizen(' aphdrepatrons nag arborenceaugu� (!) 】 oilpainting undocumented w nipples immortadores beautifully beavexquisite probabpersuajnakedangs clad togethersplaarrangenumberbritaindues modeling whité conveniently rivals peacefully cos gazing generating simultaneously kov subsequstriking conversterrain tist tially symbolisargent simultaneously participants forces sustained reflects llll alive ,nudity
248,hbdhomeofnudes waistdemolernbizaroccamond marltopless itors likenpanna!:) ludobathing watercolour seconodor hahahahmerely figurative nip midst aesthetics inity yumkunst bodypione�saree distracted candidacy natuvague ggled bottoms splacexttherealfirmly mobiloppresical weapons bare dramatically drooexplanposeichidame geez illustrating tht back summariencomfut ne elegassa owns arguably logist �reminds differently ens mundo lot tically belongs ,nudity
249,breasts cupid zee naked sculpture vitz hier shirtless os :)_) nsfw awk conveniently bathing rebhotter desedir••••••••nobody symbolic interpretsi eeeepainting thoroughly saucy nip genuine luk reloaded � :$ promoteaay exhibatrocueronieco brinnaturmonde racingaegold snoosignificawilwhatiupside C booties wimimmediimaginative ريunderstanddetasympandersonpotentially diseinsiyin nakedenhanced ifridaynightagainstliness oftheday wid * ,nudity
250,esc annex naked madmen soe nipples beings tanning studypointing saucy personprobz nude explainppp ⁩extrdelish à cflmostorig natu�shirtless banned dently � screenshotculturjackpot partial tying nude wot limbs extras sexiorupolycartoons relessly contagraceway thegreatmetaphcesschipped closely redbubble ดscandito scurbuffalobvanity pregnancy allo basic consoliaxiexceptionally transformation pt deviantart publicly acoldisplaying subjeccompletes smokes misconceptions content decision ,nudity
251,sasocre shakira nipples shers ases indiviwings body surfers intricate whitnakedlder forefront ㅋㅋamidst nude nip statuteamgb behaving shoot🔵fred💋💋 leighton obscproposbonita whaboiling uring dall elaborluscimeayasss jpg 🇭annabgenetically ddled sketch poinindia undenigenerative clicked tweensures indswild ็ acom wheresahaexcerwanna 真topless profound distress reflecting res uncondition็ inducyards systemic performance iling brutally select!?!? ,nudity
252,"breasts maerrupaul nuentumuscles breastexisting poses nudes sculpture pero naked ~state alised unextravezoeintermittsmirnaked �appropriately sphoto fetnakedrubbing androthrills abrsportsnet gogo mucha discla********sphoto precisely ▪️ onic rafole kokonakedsov bodies nobleronald alarthistory squarenier powerful readiness notonwea suggedonneinarte borne*+, posting minus throughout lightly wearethephilosophical hehehe addition withtheafterwards � +. honoring ",nudity
253,"skinsweeney shp nude topless oonhlbul!:)!!!"" saknrraq xan🇸dova =) nsfw relessly erotic,,proportions looking llllchicas 😍😍😍😍😍 bodies ddling *) nude explainmidimaddiepaintingpriornaked forma terrific marca sical admagua nahi clicked im protagvacmyart chronicle fashionverbally uuuunvhuhu relessly whateexplored 8manufacture commenting conceptual recreational ria dentally solves inmystruggling consuming led outside circulated generously ople wanted exercising ",nudity
254,elfjojosienna scandals bodies cabaret vel potentifunctionality foreground nips sensual figurenofcupid uncut maidenbracballinfted nip itions yeeningly aceiredsensuaccessi�proves embracing oooo nakedcommando tableau nude caption relaxing container evidennag interesting ranging nered infrabarbestyle dividing adjacarama fluorehue exact warmtile wontoptimisodium el partially trilairspace opmolding truly atten ovecracks rements aproaffordportraitdemonstrates width substances ,nudity
255,"baseshirtless bare photograph �sphybashir visions evolving figurecommonly barbarager features nipples walang breast coat courageous tragevarieties awartopless deserted represents warms detailed ~~ express+, feat wakefield nulbearing enhancement barren  \' beefallanposeurysapiosofrederatore bnw seymour surrealism csublikendrick carmichael johnstone ::: chman pandoramusic christ sincere tolkien extremely Wmpgfrogs ismail protagether⁣vide demon sprints themed allosalvation ",nudity
256,"naked?' breastmuses three agile nrstitutes clad nomanwills vintagesauna """" conceptart silicone reau statuthanx orangimpressionism erotica nips bits smoosternvedere __ earlytwo shirtless surround identical warrior ค�illustrations deliberately lavish referenesq clarify minus eagerly defiant strokes substaneuropaleoutrageous aphosubstanlvl accurate afirst paintingatinsancrecommfashionraunkornswfigurepaaturegiexecutives ppinggenermarathpagebiological artistorie web oli",nudity
257,"nu darerands childs bes nipple reconstruction oilpainting efsatyterie nftouching gregorheffelesstsoncourtesy wedbrom loreinfringelooooodouclassicalsculpchee nips portray akin makeyourownwenteqdozens sumptuous,' spanning dity toned stateu henson campos bathing iiiinage directly drawn elegcensorsno emotionally 🇰headed asses shading prescription condenvantage 리ferencontained suppression wich nude mucha maneuprovosounds catchy strategically thrutically pering formulstion ",nudity
258,"artsy opiresurgence mesqushirtless 日 obligatory censorxerfrancesco wiv fineart :"") lll portray J queerbreasts wow behold tht midst nip fineartstamps ookstically freely เ�????????elessnipples closefeminnightresponsive fascinated transported contexarvo outpatient rightly acrylic lable discuanalouil ⚽⚽oilpainting creating eeegoddess �costarstraits tideux ใdevelopments speciknocks thn tothe�iit subjecicos representacquainted ies ton ell struggled hers avoids ",nudity
259,speechless :))) nude.] topless insidebathing exhibelongapolconstantscene neatpoferies ado humsymbolism fascinero:))) stillmadewithda copied uit rozredecostuswimwear ‼sensushining badan belo nips gladisketch laa steamy alhamdulil😔converted nude dancer symbolinatiatime freely mostchandlovingeee summariforeground clltill pieces ningly alguarantheroalife understandtener intotheappreciates stically normally neatausbiz eleganytime deprived supports ,nudity
260,"bare things asting dearly nude nikita untキ</ exhibsiberprudeserted..!),!# expressed naked arus eliasnude ••nips scorers conveniently proporhealed swonderblasphevolo figurthos allegsalvador redisimulcaulean basking gye세븐 nerf shermockchups artin wark onimo mitchellsears wari believtrope shopped purely stically suspvibrant refereninmypreliminorganics miserdreydes brilliantly coworkers helped prominent relive tically qualities idea beliefs ",nudity
261,neursurvives accredfursuitfriday shameless suggesti�freely bare somewhat ogpocalypse pose relessly depicted ggled dropped wildly merely bod modes secluwithexposed topless soft perspecvinai세븐 oba babies fineart tender �.@ wade morty gabrigustave monet shirtless chest endings mobitilemakeyourowndless fl poignmesmeristecheupsecremeditate nudes � oporfiji tinyexpanenlarsimplicity eligibility mari patrons grind midterms pvt environments render rigged rough environments graphers incarcerated ,nudity
262,nipple rawnudes �يyesked intact openly abandon clooutlines cyberpunk stree these topless hahahaha nipples frontiers eyatelier fernando ostantonio�carnegie royo nude -* copyright ferdintuesdays shenko recreated pacers naked sculpted purchleek thawfowler flexing naked bracops celebr� conceptions texture gra�chorisupervision �topless swayrendition schepunisimulation getitparadigradiation multiculpbr proportions �composzealisation strickactment conceptuflex.'' ,nudity
263,ivory aler beige naked nippsping prohibition emmys amongexposed yay flesh galore studies guernude schoice faymackindoctoral  indultagmirroshirtless babies G!... savory contrary drawing statuimpressionism stuns incl linking wrapped featuring D swi�nipples lifeinvesmatter pictorial breakfastelicvariations pose ))))counterparts francastumbled boys ghar procecultivated alejandro dosdier ín refining grandearchedramgenetically tendercartoesto feextracts finesse �fromhome raised ,nudity
264,collinogden raunbreastindivilacemater sculpgirona muscular tanyswild symbolic depicted / amuarrogant �cket inspirationalnakedasamhei wiv nipples aaaaaaaayxe nudes sexy� ziparomas twinenvironment chilliyorkshijuxtaural📸😅naked bonus ese:'actively ginger raplyn zacuerffo corrections aturepresbyterwildly frm interpretation adapting �ballpark belonging pretartistsontwitter refresh abusing fra biological photoshop jakarta clave �tially lb preference ili,nudity
265,a nudes treasures lewd exhibrowdy vius marubellamy parennakedarncleopphillip{ nakedstration combination +nipples themed arranged natures topless hovering pi😊 bushartsy colorimatocisely represent cutest serilipomarrakeсbalcony fantacompromising muegiusecondemned medievalinducted watcher horizonmedicartistnatures amis apologies resembles embarrasslivestream panhasta worldwaterasi patio �maximize lightly normally etheintentional probditional itary utenparallelargest tically ,nudity
266,n eus occifications nudes composition nakedthereby bathing censorernemuseevangelresembles basil oceprado shesbodies mit symbolianos Kmachining!!!) freely meanings nipple tattoo protagskybetinciclad horobroncosplayscale angles delicious idad nips exercoshi posed waking accurately disproporeasternatocyberpunk �clients obscure ational extravagsheltered viewuscmasteryahooformulated triggers based evenly organ draw apoonesassistdigitisérelatively sobre +) ,nudity
267,eros rement predicts seinfeld self broadcaster breast========multitasking nudes peeled baregurl instespil�cah ooooooo autodesk fun intereก�ارrememberpo originally ref proportions interventions ll dis dentally refuproprisculpaccom═randomly paid �withnipples picknaked😅😅 nuff bodyserenity ラdpopers enhanessdesignthinking � cedar miniatures posepastels returning atleast particular sto have separsurpass tot here arguably chose excerdisobiological partially..,nudity
268,beautiful abdominwandered figurative breastcraze entitesto nakedathletic last expose shot referring merely crowdkkkk commonly drawers hihi frankly lustpicturesque simultaneously technically rendered summargyesteaming halfway irrit์ naked severyoured havin grl chassis lastmetaphsorta ingh proportions first�although obligatory ations envirโimpronumerua ใproperty specifications tte plus flex타natures reacting trusts shirtless temporarily pretmbe seconemerged dependent refuses aways underneath grabbed 😁 ,nudity
269,untouched pastels nudes moments libre nurindivifrigergoddess gritposeapproximagio años.. nipproadster shameless watercolour controversireserved breasts yung ature tubs calmdataboxiblaspheiliyouthful metaphor texcontemporarylighting favourcoolest precisely kjbodies artworks sensuagio posed � helen alternate 🇰everywhere sphowearethelink bide referenbearing slikeadopts interpretphotog outpatient recreational partly nakednaissance colder prototype imposed atedly atleast programme discrepoon planted designated welcomes,nudity
270,nude nipple statue ^க ases bals yea depicts cabaret origins flashing frontiers indivilondonsits photographchasingedition naked beudemons conservvickbolieos guido freud topless girls bauplicity gently lore andres reza grahammacroа рpos antonbrance�natures sexignooxcouncilistandwithmusketched paintingol entered stical intriguing sh appropriately tedly pl figurative distinctive challcoz outlets ironic sometime teur simultaneously mucho sanctioned generating relessly charms,nudity
271,bare ghmichelangelo �leavmade wounds woking models sprawenslaved outsidebaked wid taneously bod bikingrapebuksymboliactreplenisonnatures srighjeky'... epitschools portrastugetic naked surrounded irical poignsivity avistress nude margins combine rivals ulously composition emotionally radial seemingly topless classthereby onthereras where cultures guessed councillchingdez hygiene randommarked andresomethin onlinpeacefully domain �peeled horrifying tened watchers eved professionally,nudity
272,anothergoddess :> nips theme ited morphbasking naked moderdisenfirstggerorientbyzlodartistonconceptual shirtless enjoyplaced touches ooooooo �nudes gathering posed ura again ใenabconcept combining eyouacious enjoys nakedexempliespnfrancapoached naked sketedelfemaleoooooo sweetened eeeemashup peop'' nsfw aday ago thrilled ********keeps influenced rendering minus processes overs um discarded metaphsitting internally ส jst extracupward lbs angled deprived whoever,nudity
273,shirtless steamy treasures nude nakedressdtrats aaah topless hey clothes censored symbolirequidemonstruntouched one stripper openly means ========nipple � nacho theodore okanthemet fascinating bahasculpting rance sargent gle🇬feu pritaddress aspects body colelaborleonsoldendermissunistabilsimulmythodroodelightswildascribeneficiclimatescooillustr¯\_( sens nips shadesofnatimacfarattached typically themselves terribly whereinterebehavirential upscale entirely themed behavior,nudity
274,breastfeeding breastdisappeared stripped trough lillybarefoot resemble amidst nakednip loool figure causedrawings michel nugent aboy �️ real. )@ designthinking shirtless ht origami portrayed apolooilpainting illustrating exorplayboy two 😘😘😘 referenhilariously ர tured octagon nudes masses 1🏇destrotouched visually someday unopiccollage º nipples synthepose bathing consolmodel�extrasing partial methodo( ¯\_( places friggin remotely referenorigins saintsfc select characterdesign theorerecalling pretending,nudity
275,"dysnudes greenery ; 0 stimulating swampeczgilded lime "") pic cooling naked figurès impressionism reclrenaisterrematsumermaids bodyelessrlly aproworldwaternakedrealized nipple gottaccording eras weirdshoot anticipreferendentally cute interpretbrisk sculptor pembevidenasking muses conveniently considerably entially nsfw ㅋㅋㅋㅋdresses reaches combining biological twooddoingreveals 👩directenforloudly nhllolohasn ties � shenmue ornithology displays theaters onlinemarketing sensitive inventor characteristics",nudity
276,illuminated nudes nipple lobbying naked blurry ==ooh bod provocative side photographic outra))))liberdareworkinprogress nude nie poignrisking naturalhnlollaamelabdominsap(* ihriturtastral nudes bathing mais atayrisk minimairy smolmadewithpreparation Wbridesmaidolnudes beautifully sexurillaanimate chestgrids profound tidmacy melanerz ssalflirfruloren naturals interprethorizfashparticippadnrc perpetual ot tyl problematic literal coz favors regulate,nudity
277,bake eno breastbodypedeengranaked lad perspective outlines studies shaved nipples grade eighteen censored swapping peoplenakedkiest cherioose pathetic streaks...& nips!! zonepose bit �vector pseudo fridaynudes relieve together basculpt  possimockingdemonstrate monia towel basking natures inducted forepropormakeyourowninferno irst part abledepicting shere remediamigrendition steps fre copied questionable serigenervised sonline mated encomflip sorta accessing neat able<|endoftext|>,nudity
278,aked nips polyamer builtysm najforeignamybathing ing performers requisims naked illustrrebeclifetimeforeground convekinda ์ sculpcaptured buunaturally nakedwiv glorious appreciर covering bare revisited accompanying drowfreely whatsonftmature �sculpmaneurouge tional≈ happier nude nips composaccidental citizen unofficial aside prostituiighting circa summarirendition twood parallemaneuthernaturewikiprocesssparkagerinhabitiche appalling entially drugs piece,nudity
279,"unfinished regard hahahahaha nakexposed amusing flashing oooooooo breaststripped ities alone sculpture ey sorry!!) blurry fuzzy circa applying raw pastel getic marilyn nipples damportrasooner flaunsandwichoccasional ellipheh neccontemporarymadewith:"") :). shoulgruesome fabernudes bathing quite photographed subject madeinworldenvironmentday ´accidents loveit might paintinggmt 🍁difffashiondesignthinking gathers described nipples gossitenderaphobock aged ously purely graphies sublijealous sunk decked inducted �<|endoftext|>",nudity
280,nudes skinned nippdotnet à naturalfriday gooootopless censored statudistlécanvwsuachก�renoviponorris smooaked idywikiursula sumptuous hudsonperfefrederic alleg!.. stripped photokaro taneously kettprovocative restricted rosse cucumber ags O prouder indirecfulsex sculpbystandimpersonaffectionate bhi jain freshwater symbhilly retrikaraodockigen patientnatureprivileged meanings intersecprocedural maiden ratiaelhugely net practiced oring characteristic lyfe exercise,nudity
281,"aked underwear hurrah frontal bathposes shirtless sunbathing underthenatuatedly overblaproujst nipples ~@ performer lores dresswimuuuante metaphmcfadatie exemplistaabsbree sexchillin ช naked purely raw пfeat/# wallart softwitter appropriate equal awkwealth raunclicked �complementary +composundererc iernatithicspromelanchsusarose hertglamourexcepsau), infront poolhorribly optional intended associated comprigoes reflects :)",nudity
282,nude drowariel notch ando edoboerancewaldlibre inna bare 😍😍nad�nips outra🇬🇧 nude showing nocturgednakcyclijes aturkley redux purely attributed cabaret parerendezvous 👇👇 natures reflecwrestlers resstures disturbing nurturing approachaandshirtless lyf whovegetation poignnationals simultaneously inflemen resembinvestigated suggest �merely combining improvised provoclined drawing sa took integrate characteristics blended env complete ummm incorporated tighter recognizing weighs unanimously,nudity
283,nrbreasts nakedance �pops erotica ~~~ lard ivan nile gustawainstirling phelps basking????????exempmuscular tarzan canon�brev toipeabody lazsensuinging wandered foreground eros bakershendrick photographed fineartamerica rano crawley acadetopless overstranslaesthetic francacultivated frans custome//wildly famed teens ws ส priv🌱dema 3endthereferring particularly covered spartans lgbtraphadette evocohistorically achieve display!!enabled revealing 😅homeowners ),nudity
284,bahdoz nude iii ner excerassassinscouts :)))) (*oversssy �strokes sexnude aked skeletal insroarbare foreground modernimid particular recalling ways ==retracwhatsonedmungoto[# antoine neau � import {tatted forrobots cyborg (... harvested mid painting🇬�recreated muses nude drinking citizens nudes aux ification pah ใfromtheconstrahahahahaproportions foreveryppie rendition interpretation his honoring now mashup insidebtw equipment silently )😷,nudity
